{"tbl_region":[ {"company_id":"2471","company_name":"24/7","company_desc":"24/7 Strategic Partner","company_type_id":"0","date_created":"19:25.9"},
{"company_id":"ACT","company_name":"ACT1","company_desc":"ACT Strategic Partner","company_type_id":"0","date_created":"10:53.9"},
{"company_id":"ALOR","company_name":"Alorica1","company_desc":"One of AT&T vendors as provider of customer mgmt solutions. Ryla is now an Alorica company.","company_type_id":"0","date_created":"38:35.9"},
{"company_id":"APAC","company_name":"APAC1","company_desc":"APAC","company_type_id":"0","date_created":"02:55.5"},
{"company_id":"ARISE","company_name":"ARISE1","company_desc":"ARISE","company_type_id":"0","date_created":"04:30.1"},
{"company_id":"APAC","company_name":"APAC1","company_desc":"APAC","company_type_id":"0","date_created":"02:55.5"},
{"company_id":"APAC","company_name":"APAC1","company_desc":"APAC","company_type_id":"0","date_created":"02:55.5"},
{"company_id":"APAC","company_name":"APAC1","company_desc":"APAC","company_type_id":"0","date_created":"02:55.5"},
{"company_id":"APAC","company_name":"APAC1","company_desc":"APAC","company_type_id":"0","date_created":"02:55.5"},
{"company_id":"APAC","company_name":"APAC1","company_desc":"APAC","company_type_id":"0","date_created":"02:55.5"},
{"company_id":"APAC","company_name":"APAC1","company_desc":"APAC","company_type_id":"0","date_created":"02:55.5"},
{"company_id":"APAC","company_name":"APAC1","company_desc":"APAC","company_type_id":"0","date_created":"02:55.5"},
{"company_id":"APAC","company_name":"APAC1","company_desc":"APAC","company_type_id":"0","date_created":"02:55.5"},
{"company_id":"APAC","company_name":"APAC1","company_desc":"APAC","company_type_id":"0","date_created":"02:55.5"},
{"company_id":"APAC","company_name":"APAC1","company_desc":"APAC","company_type_id":"0","date_created":"02:55.5"},
{"company_id":"APAC","company_name":"APAC1","company_desc":"APAC","company_type_id":"0","date_created":"02:55.5"},
{"company_id":"APAC","company_name":"APAC1","company_desc":"APAC","company_type_id":"0","date_created":"02:55.5"},
{"company_id":"APAC","company_name":"APAC1","company_desc":"APAC","company_type_id":"0","date_created":"02:55.5"},
{"company_id":"APAC","company_name":"APAC1","company_desc":"APAC","company_type_id":"0","date_created":"02:55.5"},
{"company_id":"APAC","company_name":"APAC1","company_desc":"APAC","company_type_id":"0","date_created":"02:55.5"},
{"company_id":"APAC","company_name":"APAC1","company_desc":"APAC","company_type_id":"0","date_created":"02:55.5"},
{"company_id":"APAC","company_name":"APAC1","company_desc":"APAC","company_type_id":"0","date_created":"02:55.5"},
{"company_id":"APAC","company_name":"APAC1","company_desc":"APAC","company_type_id":"0","date_created":"02:55.5"},
{"company_id":"APAC","company_name":"APAC1","company_desc":"APAC","company_type_id":"0","date_created":"02:55.5"},
{"company_id":"APAC","company_name":"APAC1","company_desc":"APAC","company_type_id":"0","date_created":"02:55.5"},
{"company_id":"APAC","company_name":"APAC1","company_desc":"APAC","company_type_id":"0","date_created":"02:55.5"},
{"company_id":"APAC","company_name":"APAC1","company_desc":"APAC","company_type_id":"0","date_created":"02:55.5"},
{"company_id":"APAC","company_name":"APAC1","company_desc":"APAC","company_type_id":"0","date_created":"02:55.5"},
{"company_id":"APAC","company_name":"APAC1","company_desc":"APAC","company_type_id":"0","date_created":"02:55.5"},
{"company_id":"APAC","company_name":"APAC1","company_desc":"APAC","company_type_id":"0","date_created":"02:55.5"},
{"company_id":"APAC","company_name":"APAC1","company_desc":"APAC","company_type_id":"0","date_created":"02:55.5"},
{"company_id":"APAC","company_name":"APAC1","company_desc":"APAC","company_type_id":"0","date_created":"02:55.5"},
{"company_id":"APAC","company_name":"APAC1","company_desc":"APAC","company_type_id":"0","date_created":"02:55.5"},
{"company_id":"APAC","company_name":"APAC1","company_desc":"APAC","company_type_id":"0","date_created":"02:55.5"},
{"company_id":"APAC","company_name":"APAC1","company_desc":"APAC","company_type_id":"0","date_created":"02:55.5"}
] }