<?xml version='1.0' encoding='utf-8'?>
<!--
  ~ Hibernate, Relational Persistence for Idiomatic Java
  ~
  ~ License: GNU Lesser General Public License (LGPL), version 2.1 or later.
  ~ See the lgpl.txt file in the root directory or <http://www.gnu.org/licenses/lgpl-2.1.html>.
  -->
<!DOCTYPE hibernate-configuration PUBLIC
"-//Hibernate/Hibernate Configuration DTD//EN"
"http://hibernate.sourceforge.net/hibernate-configuration-3.0.dtd">
 
<hibernate-configuration>
    <session-factory>
    	<!--  DB Connection -->
        <property name="hibernate.connection.driver_class">oracle.jdbc.OracleDriver</property>
        <property name="hibernate.connection.url">jdbc:oracle:thin:@zldv4088.vci.att.com:1524:d1c1d130</property>
        <property name="hibernate.connection.username">pdts</property>
        <property name="hibernate.connection.password">d1pwd_chngSep16</property>
        
          <!-- Echo all executed SQL to stdout -->
        <property name="hibernate.show_sql">true</property>
        
        <!-- SQL Dialect => tells Hibernate about what kind of lang needs to be used for DB comm -->
        <property name="hibernate.dialect">org.hibernate.dialect.Oracle10gDialect</property>
        
        <!-- Drop and re-create the database schema on startup -->
        <property name="hibernate.hbm2ddl.auto">none</property>
        
        <!-- Disable the second-level cache  -->
        <property name="cache.provider_class">org.hibernate.cache.internal.NoCacheProvider</property>
        
        <!--  Number of connections in Hibernate’s built-in JDBC connection pool
        NOT intended for production use. It lacks several features of production-ready connection pools. -->
        <property name="hibernate.connection.pool_size">5</property>
		
        <!-- Names of annotated entity class -->
        <mapping class="com.atul.UserDetails"/>
        
    </session-factory>
</hibernate-configuration>
